{"0":{"vardas":"Jonas","pavarde":"Jonaitis","amzius":25,"miestas":"Vilnius"},"1":{"vardas":"Petras","pavarde":"Petraitis","amzius":28,"miestas":"Kaunas"},"2":{"vardas":"Petras0","pavarde":"Petraitis0","amzius":41,"miestas":"Kaunas"},"3":{"vardas":"Petras1","pavarde":"Petraitis1","amzius":54,"miestas":"Kaunas"},"4":{"vardas":"Petras2","pavarde":"Petraitis2","amzius":64,"miestas":"Kaunas"},"5":{"vardas":"Petras3","pavarde":"Petraitis3","amzius":32,"miestas":"Kaunas"},"6":{"vardas":"Petras4","pavarde":"Petraitis4","amzius":45,"miestas":"Kaunas"},"7":{"vardas":"Petras5","pavarde":"Petraitis5","amzius":58,"miestas":"Kaunas"},"8":{"vardas":"Petras6","pavarde":"Petraitis6","amzius":18,"miestas":"Kaunas"},"9":{"vardas":"Petras7","pavarde":"Petraitis7","amzius":26,"miestas":"Kaunas"},"10":{"vardas":"Petras8","pavarde":"Petraitis8","amzius":43,"miestas":"Kaunas"},"11":{"vardas":"Petras9","pavarde":"Petraitis9","amzius":51,"miestas":"Kaunas"},"12":{"vardas":"Petras10","pavarde":"Petraitis10","amzius":36,"miestas":"Kaunas"},"13":{"vardas":"Petras11","pavarde":"Petraitis11","amzius":52,"miestas":"Kaunas"},"14":{"vardas":"Petras12","pavarde":"Petraitis12","amzius":44,"miestas":"Kaunas"},"15":{"vardas":"Petras13","pavarde":"Petraitis13","amzius":61,"miestas":"Kaunas"},"16":{"vardas":"Petras14","pavarde":"Petraitis14","amzius":61,"miestas":"Kaunas"},"17":{"vardas":"Petras15","pavarde":"Petraitis15","amzius":48,"miestas":"Kaunas"},"18":{"vardas":"Petras16","pavarde":"Petraitis16","amzius":30,"miestas":"Kaunas"},"19":{"vardas":"Petras17","pavarde":"Petraitis17","amzius":26,"miestas":"Kaunas"},"20":{"vardas":"Petras18","pavarde":"Petraitis18","amzius":46,"miestas":"Kaunas"},"21":{"vardas":"Petras19","pavarde":"Petraitis19","amzius":58,"miestas":"Kaunas"},"22":{"vardas":"Petras20","pavarde":"Petraitis20","amzius":55,"miestas":"Kaunas"},"23":{"vardas":"Petras21","pavarde":"Petraitis21","amzius":62,"miestas":"Kaunas"},"24":{"vardas":"Petras22","pavarde":"Petraitis22","amzius":18,"miestas":"Kaunas"},"25":{"vardas":"Petras23","pavarde":"Petraitis23","amzius":65,"miestas":"Kaunas"},"26":{"vardas":"Petras24","pavarde":"Petraitis24","amzius":61,"miestas":"Kaunas"},"27":{"vardas":"Petras25","pavarde":"Petraitis25","amzius":27,"miestas":"Kaunas"},"28":{"vardas":"Petras26","pavarde":"Petraitis26","amzius":52,"miestas":"Kaunas"},"29":{"vardas":"Petras27","pavarde":"Petraitis27","amzius":27,"miestas":"Kaunas"},"30":{"vardas":"Petras28","pavarde":"Petraitis28","amzius":21,"miestas":"Kaunas"},"31":{"vardas":"Petras29","pavarde":"Petraitis29","amzius":19,"miestas":"Kaunas"},"32":{"vardas":"Petras30","pavarde":"Petraitis30","amzius":41,"miestas":"Kaunas"},"33":{"vardas":"Petras31","pavarde":"Petraitis31","amzius":63,"miestas":"Kaunas"},"34":{"vardas":"Petras32","pavarde":"Petraitis32","amzius":40,"miestas":"Kaunas"},"35":{"vardas":"Petras33","pavarde":"Petraitis33","amzius":33,"miestas":"Kaunas"},"36":{"vardas":"Petras34","pavarde":"Petraitis34","amzius":26,"miestas":"Kaunas"},"37":{"vardas":"Petras35","pavarde":"Petraitis35","amzius":53,"miestas":"Kaunas"},"38":{"vardas":"Petras36","pavarde":"Petraitis36","amzius":31,"miestas":"Kaunas"},"39":{"vardas":"Petras37","pavarde":"Petraitis37","amzius":52,"miestas":"Kaunas"},"40":{"vardas":"Petras38","pavarde":"Petraitis38","amzius":22,"miestas":"Kaunas"},"41":{"vardas":"Petras39","pavarde":"Petraitis39","amzius":24,"miestas":"Kaunas"},"42":{"vardas":"Petras40","pavarde":"Petraitis40","amzius":62,"miestas":"Kaunas"},"43":{"vardas":"Petras41","pavarde":"Petraitis41","amzius":28,"miestas":"Kaunas"},"44":{"vardas":"Petras42","pavarde":"Petraitis42","amzius":21,"miestas":"Kaunas"},"45":{"vardas":"Petras43","pavarde":"Petraitis43","amzius":35,"miestas":"Kaunas"},"46":{"vardas":"Petras44","pavarde":"Petraitis44","amzius":54,"miestas":"Kaunas"},"47":{"vardas":"Petras45","pavarde":"Petraitis45","amzius":34,"miestas":"Kaunas"},"48":{"vardas":"Petras46","pavarde":"Petraitis46","amzius":47,"miestas":"Kaunas"},"49":{"vardas":"Petras47","pavarde":"Petraitis47","amzius":31,"miestas":"Kaunas"},"50":{"vardas":"Petras48","pavarde":"Petraitis48","amzius":65,"miestas":"Kaunas"},"51":{"vardas":"Petras49","pavarde":"Petraitis49","amzius":58,"miestas":"Kaunas"},"52":{"vardas":"Petras50","pavarde":"Petraitis50","amzius":57,"miestas":"Kaunas"},"53":{"vardas":"Petras51","pavarde":"Petraitis51","amzius":21,"miestas":"Kaunas"},"54":{"vardas":"Petras52","pavarde":"Petraitis52","amzius":36,"miestas":"Kaunas"},"55":{"vardas":"Petras53","pavarde":"Petraitis53","amzius":21,"miestas":"Kaunas"},"56":{"vardas":"Petras54","pavarde":"Petraitis54","amzius":55,"miestas":"Kaunas"},"57":{"vardas":"Petras55","pavarde":"Petraitis55","amzius":55,"miestas":"Kaunas"},"58":{"vardas":"Petras56","pavarde":"Petraitis56","amzius":53,"miestas":"Kaunas"},"59":{"vardas":"Petras57","pavarde":"Petraitis57","amzius":38,"miestas":"Kaunas"},"60":{"vardas":"Petras58","pavarde":"Petraitis58","amzius":27,"miestas":"Kaunas"},"61":{"vardas":"Petras59","pavarde":"Petraitis59","amzius":45,"miestas":"Kaunas"},"62":{"vardas":"Petras60","pavarde":"Petraitis60","amzius":37,"miestas":"Kaunas"},"63":{"vardas":"Petras61","pavarde":"Petraitis61","amzius":53,"miestas":"Kaunas"},"64":{"vardas":"Petras62","pavarde":"Petraitis62","amzius":32,"miestas":"Kaunas"},"65":{"vardas":"Petras63","pavarde":"Petraitis63","amzius":50,"miestas":"Kaunas"},"66":{"vardas":"Petras64","pavarde":"Petraitis64","amzius":37,"miestas":"Kaunas"},"67":{"vardas":"Petras65","pavarde":"Petraitis65","amzius":40,"miestas":"Kaunas"},"68":{"vardas":"Petras66","pavarde":"Petraitis66","amzius":60,"miestas":"Kaunas"},"69":{"vardas":"Petras67","pavarde":"Petraitis67","amzius":38,"miestas":"Kaunas"},"70":{"vardas":"Petras68","pavarde":"Petraitis68","amzius":50,"miestas":"Kaunas"},"71":{"vardas":"Petras69","pavarde":"Petraitis69","amzius":19,"miestas":"Kaunas"},"72":{"vardas":"Petras70","pavarde":"Petraitis70","amzius":32,"miestas":"Kaunas"},"73":{"vardas":"Petras71","pavarde":"Petraitis71","amzius":37,"miestas":"Kaunas"},"74":{"vardas":"Petras72","pavarde":"Petraitis72","amzius":43,"miestas":"Kaunas"},"75":{"vardas":"Petras73","pavarde":"Petraitis73","amzius":21,"miestas":"Kaunas"},"76":{"vardas":"Petras74","pavarde":"Petraitis74","amzius":51,"miestas":"Kaunas"},"77":{"vardas":"Petras75","pavarde":"Petraitis75","amzius":49,"miestas":"Kaunas"},"78":{"vardas":"Petras76","pavarde":"Petraitis76","amzius":18,"miestas":"Kaunas"},"79":{"vardas":"Petras77","pavarde":"Petraitis77","amzius":25,"miestas":"Kaunas"},"80":{"vardas":"Petras78","pavarde":"Petraitis78","amzius":37,"miestas":"Kaunas"},"81":{"vardas":"Petras79","pavarde":"Petraitis79","amzius":45,"miestas":"Kaunas"},"82":{"vardas":"Petras80","pavarde":"Petraitis80","amzius":50,"miestas":"Kaunas"},"83":{"vardas":"Petras81","pavarde":"Petraitis81","amzius":29,"miestas":"Kaunas"},"84":{"vardas":"Petras82","pavarde":"Petraitis82","amzius":33,"miestas":"Kaunas"},"85":{"vardas":"Petras83","pavarde":"Petraitis83","amzius":24,"miestas":"Kaunas"},"86":{"vardas":"Petras84","pavarde":"Petraitis84","amzius":22,"miestas":"Kaunas"},"87":{"vardas":"Petras85","pavarde":"Petraitis85","amzius":36,"miestas":"Kaunas"},"88":{"vardas":"Petras86","pavarde":"Petraitis86","amzius":59,"miestas":"Kaunas"},"89":{"vardas":"Petras87","pavarde":"Petraitis87","amzius":18,"miestas":"Kaunas"},"90":{"vardas":"Petras88","pavarde":"Petraitis88","amzius":29,"miestas":"Kaunas"},"91":{"vardas":"Petras89","pavarde":"Petraitis89","amzius":35,"miestas":"Kaunas"},"92":{"vardas":"Petras90test","pavarde":"Petraitis90","amzius":"34","miestas":"Kaunas"},"93":{"vardas":"Petras91","pavarde":"Petraitis91","amzius":37,"miestas":"Kaunas"},"94":{"vardas":"Petras92","pavarde":"Petraitis92","amzius":42,"miestas":"Kaunas"},"95":{"vardas":"Petras93","pavarde":"Petraitis93","amzius":29,"miestas":"Kaunas"},"96":{"vardas":"Petras94","pavarde":"Petraitis94","amzius":24,"miestas":"Kaunas"},"99":{"vardas":"Petras97","pavarde":"Petraitis97","amzius":61,"miestas":"Kaunas"},"100":{"vardas":"Petras100","pavarde":"Petraitis100","amzius":"1000","miestas":"Vilnius"},"102":{"vardas":"admin","pavarde":"pavardePakeistas","amzius":"15","miestas":"Klaip\u0117da"}}